Intrinsic Reaction coordinate;1TS_Glu (kcal/mol);2TS_Glu;1TS_Asp;2TS_Asp (kcal/mol);2TS_Glu (kcal/mol)
1;0;0;0;0;0
2;0.00628;0.006275;0.00627;0.00628;0.006275
3;0.01255;0.01255;0.01255;0.01255;0.01255
4;0.01883;0.018825;0.01882;0.0251;0.018825
5;0.0251;0.0251;0.0251;0.03138;0.0251
6;0.03138;0.031375;0.03137;0.03765;0.031375
7;0.03765;0.031375;0.03765;0.04393;0.031375
8;0.04393;0.03765;0.0502;0.0502;0.03765
9;0.0502;0.043925;0.05648;0.05648;0.043925
10;0.05648;0.0502;0.06275;0.06275;0.0502
11;0.06275;0.056475;0.06902;0.0753;0.056475
12;0.06903;0.06275;0.0753;0.08158;0.06275
13;0.08158;0.069025;0.08785;0.08785;0.069025
14;0.08785;0.081575;0.09412;0.09413;0.081575
15;0.09413;0.08785;0.1004;0.10668;0.08785
16;0.1004;0.094125;0.10667;0.11295;0.094125
17;0.10668;0.1004;0.11922;0.1255;0.1004
18;0.11923;0.106675;0.1255;0.13178;0.106675
19;0.1255;0.11295;0.13177;0.13805;0.11295
20;0.13805;0.119225;0.14432;0.1506;0.119225
21;0.14433;0.1255;0.1506;0.15688;0.1255
22;0.15688;0.131775;0.16315;0.16943;0.131775
23;0.16315;0.144325;0.16943;0.1757;0.144325
24;0.1757;0.1506;0.18197;0.18825;0.1506
25;0.18198;0.156875;0.18825;0.2008;0.156875
26;0.19453;0.16315;0.2008;0.20708;0.16315
27;0.20708;0.169425;0.20707;0.21963;0.169425
28;0.21335;0.181975;0.21962;0.2259;0.181975
29;0.2259;0.18825;0.23217;0.23845;0.18825
30;0.23845;0.194525;0.23845;0.251;0.194525
31;0.251;0.207075;0.251;0.26355;0.207075
32;0.26355;0.21335;0.26355;0.26983;0.21335
33;0.2761;0.219625;0.2761;0.28238;0.219625
34;0.28865;0.232175;0.28238;0.29493;0.232175
35;0.3012;0.23845;0.29492;0.30748;0.23845
36;0.31375;0.244725;0.30747;0.32003;0.244725
37;0.3263;0.257275;0.32002;0.33258;0.257275
38;0.34513;0.26355;0.33257;0.34513;0.26355
39;0.35768;0.2761;0.34512;0.35768;0.2761
40;0.37023;0.282375;0.35767;0.37023;0.282375
41;0.38905;0.294925;0.37022;0.38278;0.294925
42;0.4016;0.3012;0.38277;0.39533;0.3012
43;0.42043;0.31375;0.39533;0.40788;0.31375
44;0.43298;0.320025;0.41415;0.42043;0.320025
45;0.4518;0.332575;0.4267;0.43298;0.332575
46;0.47063;0.345125;0.43925;0.4518;0.345125
47;0.48318;0.3514;0.4518;0.46435;0.3514
48;0.502;0.36395;0.47062;0.4769;0.36395
49;0.52083;0.3765;0.48317;0.49573;0.3765
50;0.53965;0.38905;0.502;0.50828;0.38905
51;0.55848;0.395325;0.51455;0.5271;0.395325
52;0.5773;0.407875;0.53337;0.53965;0.407875
53;0.59613;0.420425;0.5522;0.55848;0.420425
54;0.61495;0.432975;0.56475;0.57103;0.432975
55;0.64005;0.445525;0.58357;0.58985;0.445525
56;0.65888;0.458075;0.6024;0.6024;0.458075
57;0.6777;0.470625;0.62123;0.62123;0.470625
58;0.7028;0.483175;0.64005;0.64005;0.483175
59;0.72163;0.502;0.65887;0.65888;0.502
60;0.74673;0.51455;0.6777;0.6777;0.51455
61;0.77183;0.5271;0.69652;0.69653;0.5271
62;0.79065;0.53965;0.72162;0.71535;0.53965
63;0.81575;0.558475;0.74045;0.73418;0.558475
64;0.84085;0.571025;0.75927;0.753;0.571025
65;0.86595;0.58985;0.78437;0.77183;0.58985
66;0.89105;0.6024;0.80947;0.79065;0.6024
67;0.91615;0.621225;0.8283;0.80948;0.621225
68;0.94125;0.64005;0.8534;0.83458;0.64005
69;0.96635;0.6526;0.8785;0.8534;0.6526
70;0.99773;0.671425;0.9036;0.87223;0.671425
71;1.02283;0.69025;0.9287;0.89733;0.69025
72;1.0542;0.709075;0.9538;0.92243;0.709075
73;1.0793;0.7279;0.98517;0.94125;0.7279
74;1.11068;0.746725;1.01027;0.96635;0.746725
75;1.14205;0.771825;1.04165;0.99145;0.771825
76;1.17343;0.79065;1.06675;1.01655;0.79065
77;1.2048;0.809475;1.09812;1.04165;0.809475
78;1.23618;0.834575;1.1295;1.06675;0.834575
79;1.26755;0.8534;1.16087;1.09185;0.8534
80;1.29893;0.8785;1.19225;1.11695;0.8785
81;1.3303;0.897325;1.22362;1.14205;0.897325
82;1.36795;0.922425;1.255;1.17343;0.922425
83;1.4056;0.947525;1.29265;1.19853;0.947525
84;1.43698;0.972625;1.32402;1.2299;0.972625
85;1.47463;0.997725;1.36167;1.26128;0.997725
86;1.51228;1.022825;1.39932;1.28638;1.022825
87;1.54993;1.0542;1.43697;1.31775;1.0542
88;1.58758;1.0793;1.47462;1.34913;1.0793
89;1.62523;1.110675;1.51227;1.3805;1.110675
90;1.66915;1.135775;1.5562;1.41188;1.135775
91;1.7068;1.16715;1.59385;1.44953;1.16715
92;1.75073;1.198525;1.63778;1.4809;1.198525
93;1.79465;1.2299;1.6817;1.51855;1.2299
94;1.83858;1.261275;1.72562;1.54993;1.261275
95;1.8825;1.29265;1.76955;1.58758;1.29265
96;1.92643;1.324025;1.81347;1.62523;1.324025
97;1.97035;1.361675;1.86368;1.66288;1.361675
98;2.02055;1.39305;1.91387;1.70053;1.39305
99;2.06448;1.4307;1.9578;1.73818;1.4307
100;2.11468;1.46835;2.008;1.7821;1.46835
101;2.16488;1.506;2.06447;1.81975;1.506
102;2.21508;1.54365;2.11467;1.86368;1.54365
103;2.26528;1.587575;2.17115;1.9076;1.587575
104;2.32175;1.625225;2.22135;1.95153;1.625225
105;2.37195;1.66915;2.27782;1.99545;1.66915
106;2.42843;1.7068;2.34057;2.04565;1.7068
107;2.4849;1.750725;2.39705;2.08958;1.750725
108;2.54138;1.79465;2.45352;2.13978;1.79465
109;2.59785;1.838575;2.51627;2.18998;1.838575
110;2.6606;1.888775;2.57902;2.24018;1.888775
111;2.71708;1.9327;2.64177;2.29038;1.9327
112;2.77983;1.9829;2.7108;2.34685;1.9829
113;2.84258;2.0331;2.77355;2.40333;2.0331
114;2.90533;2.0833;2.84257;2.4598;2.0833
115;2.96808;2.139775;2.9116;2.51628;2.139775
116;3.0371;2.189975;2.9869;2.57275;2.189975
117;3.10613;2.24645;3.05592;2.6355;2.24645
118;3.16888;2.302925;3.13122;2.69825;2.302925
119;3.24418;2.3594;3.20652;2.761;2.3594
120;3.3132;2.42215;3.28182;2.82375;2.42215
121;3.38223;2.478625;3.35712;2.89278;2.478625
122;3.45753;2.541375;3.4387;2.9618;2.541375
123;3.53283;2.6104;3.52027;3.03083;2.6104
124;3.60813;2.67315;3.60185;3.10613;2.67315
125;3.6897;2.742175;3.68342;3.18143;2.742175
126;3.765;2.8112;3.77127;3.25673;2.8112
127;3.84658;2.8865;3.85912;3.3383;2.8865
128;3.92815;2.955525;3.94697;3.41988;2.955525
129;4.016;3.0371;4.0411;3.50145;3.0371
130;4.09758;3.1124;4.12895;3.5893;3.1124
131;4.18543;3.193975;4.22307;3.67715;3.193975
132;4.27328;3.281825;4.32347;3.77128;3.281825
133;4.3674;3.369675;4.4176;3.8654;3.369675
134;4.45525;3.457525;4.518;3.9658;3.457525
135;4.54938;3.55165;4.6184;4.0662;3.55165
136;4.6435;3.645775;4.7188;4.17288;3.645775
137;4.7439;3.746175;4.82547;4.27955;3.746175
138;4.8443;3.846575;4.93215;4.3925;3.846575
139;4.9447;3.95325;5.03882;4.51173;3.95325
140;5.0451;4.0662;5.1455;4.63095;4.0662
141;5.1455;4.17915;5.25845;4.75645;4.17915
142;5.25218;4.2921;5.3714;4.88823;4.2921
143;5.35885;4.4176;5.48435;5.02;4.4176
144;5.4718;4.5431;5.5973;5.15805;4.5431
145;5.58475;4.674875;5.71652;5.30238;4.674875
146;5.6977;4.80665;5.83575;5.4467;4.80665
147;5.81065;4.9447;5.96125;5.60358;4.9447
148;5.92988;5.089025;6.08047;5.76045;5.089025
149;6.0491;5.23335;6.20597;5.9236;5.23335
150;6.1746;5.38395;6.33775;6.08675;5.38395
151;6.3001;5.540825;6.46325;6.25618;5.540825
152;6.4256;5.703975;6.59502;6.43188;5.703975
153;6.5511;5.867125;6.73307;6.60758;5.867125
154;6.68288;6.030275;6.86485;6.78328;6.030275
155;6.82093;6.1997;7.0029;6.97153;6.1997
156;6.9527;6.3754;7.14095;7.1535;6.3754
157;7.09075;6.5511;7.28528;7.34175;6.5511
158;7.23508;6.7268;7.4296;7.52373;6.7268
159;7.3794;6.908775;7.57392;7.71198;6.908775
160;7.52373;7.09075;7.71825;7.90023;7.09075
161;7.67433;7.272725;7.86885;8.0822;7.272725
162;7.82493;7.4547;8.01945;8.2579;7.4547
163;7.97553;7.6304;8.17632;8.42733;7.6304
164;8.1324;7.8061;8.3332;8.5842;7.8061
165;8.29555;7.975525;8.49007;8.72853;7.975525
166;8.4587;8.138675;8.65322;8.85403;8.138675
167;8.62185;8.289275;8.81637;8.95443;8.289275
168;8.79128;8.427325;8.9858;9.036;8.427325
169;8.9607;8.54655;9.14895;9.07993;8.54655
170;9.1364;8.64695;9.32465;9.09875;8.64695
171;9.31838;8.72225;9.49407;9.09875;8.72225
172;9.50035;8.766175;9.67605;9.07993;8.766175
173;9.68233;8.785;9.85175;9.02973;8.785
174;9.87058;8.785;10.03372;8.9356;8.785
175;10.0651;8.766175;10.2157;8.8101;8.766175
176;10.25963;8.715975;10.40395;8.64695;8.715975
177;10.46043;8.6344;10.59847;8.45243;8.6344
178;10.66123;8.515175;10.78672;8.21398;8.515175
179;10.8683;8.364575;10.98752;7.94415;8.364575
180;11.07538;8.176325;11.18832;7.64295;8.176325
181;11.295;7.9567;11.38912;7.31665;7.9567
182;11.50835;7.699425;11.5962;6.95898;7.699425
183;11.73425;7.423325;11.80327;6.5762;7.423325
184;11.96015;7.109575;12.01662;6.1746;7.109575
185;12.19233;6.777;12.22997;5.75418;6.777
186;12.43078;6.419325;12.4496;5.3212;6.419325
187;12.66923;6.042825;12.6755;4.88195;6.042825
188;12.91395;5.653775;12.9014;4.43643;5.653775
189;13.16495;5.2459;13.1273;3.9909;5.2459
190;13.42223;4.83175;13.35947;3.55165;4.83175
191;13.6795;4.4176;13.59792;3.11868;4.4176
192;13.94305;3.997175;13.83637;2.70453;3.997175
193;14.21288;3.583025;14.0811;2.3092;3.583025
194;14.48898;3.181425;14.32582;1.93898;3.181425
195;14.76508;2.792375;14.57055;1.60013;2.792375
196;15.04745;2.42215;14.81527;1.29265;2.42215
197;15.3361;2.07075;15.06;1.02283;2.07075
198;15.62475;1.74445;15.29845;0.78438;1.74445
199;15.91968;1.4558;15.5369;0.58985;1.4558
200;16.22087;1.19225;15.76907;0.42043;1.19225
201;16.52208;0.96635;15.99497;0.2761;0.96635
202;16.82328;0.771825;16.2146;0.15688;0.771825
203;17.13075;0.608675;16.42167;0.04393;0.608675
204;17.43195;0.46435;16.62247;-0.0502;0.46435
205;17.73943;0.33885;16.80445;-0.14432;0.33885
206;18.04063;0.232175;16.98015;-0.2259;0.232175
207;18.33555;0.131775;17.1433;-0.30747;0.131775
208;18.63048;0.03765;17.28762;-0.3765;0.03765
209;18.91913;-0.043925;17.42567;-0.44552;-0.043925
210;19.19523;-0.1255;17.5449;-0.51455;-0.1255
211;19.46505;-0.2008;17.65785;-0.5773;-0.2008
212;19.72233;-0.269825;17.75197;-0.63377;-0.269825
213;19.96705;-0.332575;17.83355;-0.69025;-0.332575
214;20.19923;-0.395325;17.90257;-0.74672;-0.395325
215;20.41885;-0.4518;17.95277;-0.8032;-0.4518
216;20.62593;-0.508275;17.99042;-0.8534;-0.508275
217;20.82045;-0.558475;18.01552;-0.90987;-0.558475
218;20.99615;-0.608675;18.0218;-0.96635;-0.608675
219;21.1593;-0.6526;18.0218;-1.02282;-0.6526
220;21.30363;-0.696525;18.01552;-1.08557;-0.696525
221;21.4354;-0.74045;17.99042;-1.14832;-0.74045
222;21.54835;-0.7781;17.9465;-1.21107;-0.7781
223;21.64248;-0.81575;17.89002;-1.2801;-0.81575
224;21.71778;-0.847125;17.80845;-1.3554;-0.847125
225;21.77425;-0.884775;17.70805;-1.4307;-0.884775
226;21.80563;-0.91615;17.58255;-1.49972;-0.91615
227;21.81818;-0.94125;17.43195;-1.57502;-0.94125
228;21.81818;-0.972625;17.2437;-1.64405;-0.972625
229;21.80563;-0.997725;17.0178;-1.7068;-0.997725
230;21.76798;-1.022825;16.74797;-1.76327;-1.022825
231;21.69895;-1.047925;16.40912;-1.81347;-1.047925
232;21.59228;-1.073025;16.00752;-1.86367;-1.073025
233;21.44795;-1.09185;15.52435;-1.90132;-1.09185
234;21.2597;-1.11695;14.95332;-1.93897;-1.11695
235;21.01498;-1.135775;14.29445;-1.97035;-1.135775
236;20.71378;-1.1546;13.554;-2.00172;-1.1546
237;20.331;-1.173425;12.73825;-2.02682;-1.173425
238;19.87293;-1.198525;11.85975;-2.05192;-1.198525
239;19.32073;-1.21735;10.93732;-2.07075;-1.21735
240;18.68068;-1.236175;9.9898;-2.08957;-1.236175
241;17.95905;-1.248725;9.02345;-2.11467;-1.248725
242;17.16213;-1.26755;8.05082;-2.12722;-1.26755
243;16.30245;-1.286375;7.0782;-2.14605;-1.286375
244;15.39258;-1.3052;6.10557;-2.16487;-1.3052
245;14.45133;-1.324025;5.1455;-2.17742;-1.324025
246;13.49125;-1.336575;4.1917;-2.19625;-1.336575
247;12.51863;-1.3554;3.25045;-2.2088;-1.3554
248;11.55228;-1.36795;2.32175;-2.22135;-1.36795
249;10.58593;-1.386775;1.39932;-2.2339;-1.386775
250;9.62585;-1.399325;0.49572;-2.24645;-1.399325
251;8.67833;-1.41815;-0.39533;-2.259;-1.41815
252;7.74335;-1.4307;-1.27383;-2.27155;-1.4307
253;6.8272;-1.449525;-2.12723;-2.27782;-1.449525
254;5.91733;-1.462075;-2.96808;-2.29037;-1.462075
255;5.02628;-1.474625;-3.7901;-2.30292;-1.474625
256;4.15405;-1.487175;-4.5933;-2.3092;-1.487175
257;3.29438;-1.506;-5.3714;-2.32175;-1.506
258;2.4598;-1.51855;-6.13068;-2.32802;-1.51855
259;1.63778;-1.5311;-6.86485;-2.34057;-1.5311
260;0.84085;-1.54365;-7.5802;-2.34685;-1.54365
261;0.06275;-1.5562;-8.27045;-2.3594;-1.5562
262;-0.69652;-1.56875;-8.94815;-2.36567;-1.56875
263;-1.4307;-1.5813;-9.59448;-2.37822;-1.5813
264;-2.14605;-1.59385;-10.22825;-2.3845;-1.59385
265;-2.8363;-1.6064;-10.8432;-2.39077;-1.6064
266;-3.50772;-1.61895;-11.43305;-2.39705;-1.61895
267;-4.16032;-1.6315;-12.00408;-2.4096;-1.6315
268;-4.7941;-1.64405;-12.56255;-2.41587;-1.64405
269;-5.40277;-1.6566;-13.1022;-2.42215;-1.6566
270;-5.9989;-1.66915;-13.62302;-2.42842;-1.66915
271;-6.56992;-1.6817;-14.12503;-2.44097;-1.6817
272;-7.1284;-1.69425;-14.61448;-2.44725;-1.69425
273;-7.66805;-1.7068;-15.0851;-2.45352;-1.7068
274;-8.18887;-1.713075;-15.54317;-2.4598;-1.713075
275;-8.69715;-1.725625;-15.98243;-2.46607;-1.725625
276;-9.1866;-1.738175;-16.4154;-2.47235;-1.738175
277;-9.65722;-1.74445;-16.82955;-2.47862;-1.74445
278;-10.1153;-1.757;-17.23115;-2.4849;-1.757
279;-10.56082;-1.76955;-17.6202;-2.49117;-1.76955
280;-10.9938;-1.775825;-17.9967;-2.49745;-1.775825
281;-11.41422;-1.788375;-18.36065;-2.56961;-1.788375
282;-11.81582;-1.800925;-18.71833;-2.56334;-1.800925
283;-12.21115;-1.8072;-19.06345;-2.55706;-1.8072
284;-12.59392;-1.81975;-19.39603;-2.55079;-1.81975
285;-12.96415;-1.826025;-19.72233;-2.54451;-1.826025
286;-13.32182;-1.838575;-20.03608;-2.53196;-1.838575
287;-13.67322;-1.84485;-20.33728;-2.52569;-1.84485
288;-14.01207;-1.8574;-20.63848;-2.51314;-1.8574
289;-14.33837;-1.863675;-20.92713;-2.50686;-1.863675
290;-14.6584;-1.86995;-21.20323;-2.49431;-1.86995
291;-14.97215;-1.8825;-21.47933;-2.48176;-1.8825
292;-15.27335;-1.888775;-21.74288;-2.46921;-1.888775
293;-15.56827;-1.89505;-22.00643;-2.45039;-1.89505
294;-15.85692;-1.9076;-22.25743;-2.43156;-1.9076
295;-16.13302;-1.913875;-22.50215;-2.41274;-1.913875
296;-16.40285;-1.92015;-22.7406;-2.39391;-1.92015
297;-16.67267;-1.926425;-22.97278;-2.36881;-1.926425
298;-16.92995;-1.9327;-23.19868;-2.34371;-1.9327
299;-17.18095;-1.938975;-23.42458;-2.31234;-1.938975
300;-17.42567;-1.951525;-23.63793;-2.27469;-1.951525
301;-17.66412;-1.9578;-23.85128;-2.23704;-1.9578
302;-17.90257;-1.964075;-24.05835;-2.19311;-1.964075
303;-18.12847;-1.97035;-24.25915;-2.14291;-1.97035
304;-18.3481;-1.976625;-24.45368;-2.08644;-1.976625
305;-18.56772;-1.9829;-24.64193;-2.02369;-1.9829
306;-18.78107;-1.989175;-24.83018;-1.94211;-1.989175
307;-18.98815;-1.989175;-25.01215;-1.85426;0.0545925
308;-19.18895;-1.9829;-25.19413;-1.75386;0.0608675
309;-19.38975;-1.976625;-25.36983;-1.63464;0.0671425
310;-19.58427;-1.97035;-25.53925;-1.50914;0.0734175
311;-19.77252;-1.9578;-25.7024;-1.37109;0.0859675
312;-19.96077;-1.94525;-25.86555;-1.23304;0.0985175
313;-20.14275;-1.9327;-26.02243;-1.08871;0.1110675
314;-20.31845;-1.92015;-26.1793;-0.95694;0.1236175
315;-20.49415;-1.901325;-26.3299;-0.83144;0.1424425
316;-20.66357;-1.8825;-26.4805;-0.73731;0.1612675
317;-20.82672;-1.8574;-26.62483;-0.66829;0.1863675
318;-20.98987;-1.838575;-26.76915;-0.64319;0.2051925
319;-21.14675;-1.8072;-26.9072;-0.64319;0.2365675
320;-21.30363;-1.775825;-27.03898;-0.66829;0.2679425
321;-21.4605;-1.7319;-27.17075;-0.76241;0.3118675
322;-21.60482;-1.6817;-27.30253;-0.91929;0.3620675
323;-21.75543;-1.625225;-27.42803;-1.15146;0.4185425
324;-21.89975;-1.562475;-27.55353;-1.46521;0.4812925
325;-22.0378;-1.4809;-27.67275;-1.84799;0.5628675
326;-22.17585;-1.399325;-27.79198;-2.29979;0.6444425
327;-22.30762;-1.3052;-27.90493;-2.82061;0.7385675
328;-22.4394;-1.21735;-28.01788;-3.39791;0.8264175
329;-22.57117;-1.1295;-28.13083;-4.01914;0.9142675
330;-22.69667;-1.047925;-28.2375;-4.67174;0.9958425
331;-22.82217;-0.985175;-28.34418;-5.35571;1.0585925
332;-22.94767;-0.94125;-28.44458;-6.05851;1.1025175
333;-23.0669;-0.922425;-28.54498;-6.76759;1.1213425
334;-23.17985;-0.92236225;-28.6391;-7.47666;
335;-23.2928;-0.940754275;-28.7395;-8.17946;
336;-23.40575;-1.00007185;-28.83363;-8.87599;
337;-23.5187;-1.10586835;-28.92148;-9.55369;
338;-23.62537;-1.26254255;-29.0156;-10.21884;
339;-23.73205;-1.47308135;-29.10345;-10.85889;
340;-23.83872;-1.738833875;-29.1913;-11.48639;
341;-23.93912;-2.059455;-29.27288;-12.08251;
342;-24.03952;-2.432936725;-29.35445;-12.65981;
343;-24.13992;-2.85581525;-29.43603;-13.21829;
344;-24.24033;-3.323447075;-29.5176;-13.75166;
345;-24.33445;-3.83032275;-29.5929;-14.26621;
346;-24.42857;-4.3703618;-29.6682;-14.76194;
347;-24.51642;-4.937226475;-29.7435;-15.23256;
348;-24.61055;-5.524541375;-29.81253;-15.68436;
349;-24.6984;-6.126125625;-29.88783;-16.12361;
350;-24.78625;-6.736130925;-29.95685;-16.53776;
351;-24.86782;-7.349185875;-30.0196;-16.93936;
352;-24.95567;-7.960521475;-30.08863;-17.32841;
353;-25.03725;-8.56601505;-30.15138;-17.69864;
354;-25.11882;-9.162253;-30.21413;-18.05004;
355;-25.2004;-9.7465057;-30.27688;-18.39516;
356;-25.2757;-10.3166773;-30.33963;-18.72146;
357;-25.35727;-10.87124298;-30.3961;-19.03521;
358;-25.43257;-11.40918618;-30.45258;-19.34269;
359;-25.50787;-11.92988568;-30.50905;-19.63761;
360;-25.58317;-12.4330591;-30.56553;-19.91999;
361;-25.6522;-12.91868135;-30.622;-20.18981;
362;-25.7275;-13.38692813;-30.6722;-20.45336;
363;-25.79652;-13.83811945;-30.7224;-20.71064;
364;-25.86555;-14.27269458;-30.77888;-20.95536;
365;-25.93458;-14.69116805;-30.8228;-21.19381;
366;-26.0036;-15.0941109;-30.873;-21.41971;
367;-26.07262;-15.48213808;-30.9232;-21.64561;
368;-26.13537;-15.85585825;-30.96713;-21.85896;
369;-26.2044;-16.21589893;-31.01105;-22.06604;
370;-26.26715;-16.56288133;-31.05498;-22.26684;
371;-26.3299;-16.8974204;-31.0989;-22.46136;
372;-26.39265;-17.22009345;-31.14282;-22.65589;
373;-26.44912;-17.53147778;-31.18675;-22.83786;
374;-26.51187;-17.8320942;-31.2244;-23.01356;
375;-26.56835;-18.12246355;-31.26833;-23.18926;
376;-26.6311;-18.403069;-31.30598;-23.35869;
377;-26.68757;-18.6743498;-31.34363;-23.52184;
378;-26.74405;-18.93673893;-31.38128;-23.67871;
379;-26.80052;-19.19061288;-31.41893;-23.82931;
380;-26.857;-19.43635443;-31.4503;-23.97991;
381;-26.91347;-19.67429615;-31.48795;-24.13051;
382;-26.96367;-19.90475808;-31.51933;-24.26856;
383;-27.02015;-20.12803513;-31.55698;-24.41289;
384;-27.07035;-20.34440968;-31.58835;-24.54466;
385;-27.12055;-20.55414528;-31.61973;-24.67644;
386;-27.17075;-20.75749293;-31.6511;-24.80194;
387;-27.22095;-20.9546848;-31.68248;-24.92744;
388;-27.27115;-21.14594053;-31.71385;-25.05294;
389;-27.32135;-21.331486;-31.73895;-25.17216;
390;-27.37155;-21.51151575;-31.77033;-25.29139;
391;-27.41547;-21.68623685;-31.79543;-25.40434;
392;-27.46567;-21.85583128;-31.8268;-25.51729;
393;-27.5096;-22.02049355;-31.8519;-25.63024;
394;-27.55352;-22.1803931;-31.877;-25.73691;
395;-27.59745;-22.33570563;-31.9021;-25.84359;
396;-27.64137;-22.486588;-31.9272;-25.94399;
397;-27.6853;-22.63321593;-31.9523;-26.05066;
398;-27.72922;-22.77572118;-31.9774;-26.15106;
399;-27.77315;-22.91423553;-32.0025;-26.24519;
400;-27.81707;-23.04882173;-32.02133;-26.34559;
401;-27.85472;-23.17926643;-32.04642;-26.43971;
402;-27.89865;-23.30508018;-32.07153;-26.53384;
403;-27.9363;-23.42995895;-32.09035;-26.62169;
404;-27.97395;-23.54936593;-32.10918;-26.71581;
405;-28.0116;-23.6679446;-32.13428;-26.80366;
406;-28.05552;-23.78130875;-32.1531;-26.89151;
407;-28.09317;-23.89223193;-32.17193;-26.97309;
408;-28.13082;-24.00066393;-32.19075;-27.06094;
409;-28.1622;-24.10760875;-32.20958;-27.14251;
410;-28.19985;-24.21147255;-32.23468;-27.22409;
411;-28.2375;-24.31260045;-32.24723;-27.30566;
412;-28.26887;-24.41112423;-32.26605;-27.38724;
413;-28.30652;-24.5072886;-32.28488;-27.46254;
414;-28.3379;-24.60117515;-32.3037;-27.54411;
415;-28.37555;-24.69288428;-32.32253;-27.61941;
416;-28.40692;-24.78245363;-32.33508;-27.69471;
417;-28.4383;-24.86993968;-32.3539;-27.76374;
418;-28.47595;-24.9553989;-32.37273;-27.83904;
419;-28.50732;-25.03891288;-32.38527;-27.91434;
420;-28.5387;-25.12053808;-32.4041;-27.98336;
421;-28.57007;-25.20033098;-32.41665;-28.05239;
422;-28.60145;-25.27836688;-32.43548;-28.12141;
423;-28.62655;-25.3546897;-32.44803;-28.19044;
424;-28.65792;-25.4293622;-32.46685;-28.25946;
425;-28.6893;-25.5024283;-32.4794;-28.32849;
426;-28.72067;-25.57395075;-32.49195;-28.39124;
427;-28.74577;-25.6439672;-32.51078;-28.45399;
428;-28.77715;-25.71252785;-32.52333;-28.52301;
429;-28.80225;-25.77967663;-32.53588;-28.58576;
430;-28.83362;-25.84546373;-32.54843;-28.64851;
431;-28.85872;-25.90992053;-32.56725;-28.71126;
432;-28.88382;-25.97309723;-32.5798;-28.76774;
433;-28.9152;-26.03501893;-32.59235;-28.83049;
434;-28.9403;-26.09572328;-32.6049;-28.89324;
435;-28.9654;-26.15524793;-32.61745;-28.94971;
436;-28.9905;-26.21360543;-32.63;-29.01246;
437;-29.0156;-26.27085853;-32.64255;-29.06894;
438;-29.0407;-26.32700723;-32.6551;-29.12541;
439;-29.0658;-26.38219585;-32.66765;-29.18189;
440;-29.0909;-26.43636793;-32.6802;-29.23836;
441;-29.116;-26.48961758;-32.69275;-29.29484;
442;-29.1411;-26.5418695;-32.7053;-29.35131;
443;-29.15992;-26.59318018;-32.71785;-29.40151;
444;-29.18502;-26.64353705;-32.7304;-29.45799;
445;-29.21012;-26.6929715;-32.74295;-29.50819;
446;-29.22895;-26.74150235;-32.7555;-29.56466;
447;-29.25405;-26.78913588;-32.76805;-29.61486;
448;-29.27287;-26.83588463;-32.7806;-29.66506;
449;-29.29797;-26.88177998;-32.79315;-29.72154;
450;-29.3168;-26.92685958;-32.8057;-29.77174;
451;-29.3419;-26.9711799;-32.81198;-29.82194;
452;-29.36072;-27.0147535;-32.82453;-29.87214;
453;-29.37955;-27.0575741;-32.83707;-29.92234;
454;-29.39837;-27.09961033;-32.84963;-29.96626;
455;-29.42347;-27.14086218;-32.86218;-30.01646;
456;-29.4423;-27.1813422;-32.86845;-30.06666;
457;-29.46112;-27.22104413;-32.881;-30.11686;
458;-29.47995;-27.26006835;-32.89355;-30.16079;
459;-29.49877;-27.29832075;-32.9061;-30.21099;
460;-29.5176;-27.33602095;-32.91238;-30.25491;
461;-29.53015;-27.3729054;-32.92493;-30.30511;
462;-29.54897;-27.40924393;-32.93748;-30.34904;
463;-29.5678;-27.44464748;-32.94375;-30.39296;
464;-29.58662;-27.4795804;-32.9563;-30.43689;
465;-29.59917;-27.5136913;-32.96885;-30.48709;
466;-29.618;-27.54755748;-32.97513;-30.53101;
467;-29.63682;-27.58069575;-32.98768;-30.57494;
468;-29.64937;-27.61312495;-33.00023;-30.61886;
469;-29.6682;-27.64468193;-33.0065;-30.66279;
470;-29.68075;-27.675511;-33.01905;-30.70671;
471;-29.69957;-27.7062083;-33.02533;-30.74436;
472;-29.71212;-27.7367299;-33.03788;-30.78829;
473;-29.72467;-27.76661145;-33.04415;-30.83221;
474;-29.7435;-27.79589688;-33.0567;-30.87614;
475;-29.75605;-27.82451715;-33.06297;-30.91379;
476;-29.7686;-27.85267935;-33.07553;-30.95771;
477;-29.78742;-27.8802266;-33.0818;-30.99536;
478;-29.79997;-27.90745383;-33.08808;-31.03929;
479;-29.81252;-27.93405355;-33.10063;-31.07694;
480;-29.82507;-27.9604713;-33.1069;-31.12086;
481;-29.83762;-27.986249;-33.11318;-31.15851;
482;-29.85017;-28.01186355;-33.11945;-31.20244;
483;-29.86272;-28.03681295;-33.132;-31.24009;
484;-29.87527;-28.06160548;-33.13828;-31.27774;
485;-29.88782;-28.0857705;-33.14455;-31.31539;
486;-29.90037;-28.10984768;-33.15083;-31.35304;
487;-29.91292;-28.13334128;-33.1571;-31.39696;
488;-29.92547;-28.15671565;-33.16338;-31.43461;
489;-29.93802;-28.1794437;-33.16965;-31.47226;
490;-29.9443;-28.202109;-33.17592;-31.50991;
491;-29.95685;-28.22408405;-33.1822;-31.54129;
492;-29.9694;-28.24636658;;-31.57894;
493;-29.98195;-28.26809063;;-31.61659;
494;-29.98822;-28.28986488;;-31.65424;
495;-30.00077;-28.31108693;;-31.69189;
496;-30.01332;-28.33198895;;-31.72326;
497;-30.02587;-28.35239525;;-31.76091;
498;-30.03215;-28.37222425;;-31.79229;
499;-30.0447;-28.39213483;;-31.82994;
500;-30.05097;-28.41152458;;-31.86759;
501;-30.06352;-28.4314226;;-31.89896;
502;-30.07607;-28.45076843;;-31.93034;
503;-30.08235;-28.47011425;;-31.96799;
504;-30.0949;-28.48986168;;-31.99936;
505;-30.10117;-28.50829763;;-32.03074;
506;-30.11372;-28.52692183;;-32.06839;
507;-30.12;-28.54481185;;-32.09976;
508;-30.13255;-28.5622438;;-32.13114;
509;-30.13882;-28.5802154;;-32.16879;
510;-30.15137;-28.59728968;;-32.20016;
511;-30.15765;-28.6147028;;-32.23154;
512;-30.16392;-28.63123743;;-32.26291;
513;-30.17647;-28.64713828;;-32.29429;
514;-30.18275;-28.6642;;-32.33194;
515;-30.18902;-28.6801134;;-32.36331;
516;-30.20157;-28.6963029;;-32.39469;
517;-30.20785;-28.71178333;;-32.42606;
518;-30.21412;-28.72701903;;-32.45744;
519;-30.22667;-28.74157075;;-32.48881;
520;-30.23295;-28.75708883;;-32.52646;
521;-30.23922;-28.77161545;;-32.55784;
522;-30.25177;-28.78636798;;-32.58921;
523;-30.25805;-28.80038005;;-32.62059;
524;-30.26432;-28.81406583;;-32.65196;
525;-30.2706;-28.8281532;;-32.68961;
526;-30.28315;-28.84152523;;-32.72099;
527;-30.28942;-28.85510433;;-32.75236;
528;-30.2957;-28.8675853;;-32.78374;
529;-30.30197;-28.8812648;;-32.81511;
530;-30.30825;-28.89395913;;-32.84649;
531;-30.3208;-28.9068919;;-32.87786;
532;-30.32707;-28.91915325;;-32.90924;
533;-30.33335;-28.93165933;;-32.94061;
534;-30.33962;-28.9437136;;-32.97199;
535;-30.3459;-28.95615693;;-33.00336;
536;-30.35217;-28.9680104;;-33.03474;
537;-30.36472;-28.98011488;;-33.06611;
538;-30.371;-28.99196208;;-33.09749;
539;-30.37727;-29.00401008;;-33.12886;
540;-30.38355;-29.01565648;;-33.15396;
541;-30.38982;-29.02711463;;-33.18534;
542;-30.3961;-29.03895555;;-33.21671;
543;-30.40237;-29.0504137;;-33.24809;
544;-30.40865;-29.06232365;;-33.27319;
545;-30.41492;-29.07367513;;-33.30456;
546;-30.42747;-29.08474423;;-33.33594;
547;-30.43375;-29.0964722;;-33.36104;
548;-30.44002;-29.10788643;;-33.39241;
549;-30.4463;-29.11973363;;-33.41751;
550;-30.45257;-29.130809;;-33.44889;
551;-30.45885;-29.14201615;;-33.47399;
552;-30.46512;-29.15369393;;-33.49909;
553;-30.4714;-29.16486343;;-33.53046;
554;-30.47767;-29.17640943;;-33.55556;
555;-30.48395;-29.18755383;;-33.58066;
556;-30.49022;-29.19815858;;-33.61204;
557;-30.50277;-29.2094975;;-33.63714;
558;-30.50905;-29.22069838;;-33.66224;
559;-30.51532;-29.23186788;;-33.68734;
560;-30.5216;-29.24272363;;-33.71871;
561;-30.52787;-29.25438885;;-33.74381;
562;-30.53415;-29.26548305;;-33.76891;
563;-30.54042;-29.27631998;;-33.79401;
564;-30.5467;-29.28729495;;-33.81911;
565;-30.55297;-29.29832013;;-33.84421;
566;-30.55925;-29.30960258;;-33.86931;
567;-30.56552;-29.32014458;;-33.89441;
568;-30.5718;-29.330856;;-33.91951;
569;-30.57807;-29.34181215;;-33.94461;
570;-30.58435;-29.35229768;;-33.97599;
571;-30.59062;-29.3632099;;-34.00109;
572;-30.5969;-29.37370798;;-34.02619;
573;-30.60317;-29.38405545;;-34.05129;
574;-30.60945;-29.39437155;;-34.07011;
575;-30.61572;-29.40533398;;-34.09521;
576;-30.622;-29.41586343;;-34.12031;
577;-30.62827;-29.42680703;;-34.14541;
578;-30.63455;-29.43726745;;-34.17051;
579;-30.64082;-29.44750198;;-34.19561;
580;-30.6471;-29.45835145;;-34.22071;
581;-30.65337;-29.46917583;;-34.24581;
582;-30.65965;-29.48043945;;-34.26464;
583;-30.66592;-29.49117598;;-34.28974;
584;-30.6722;-29.50230783;;-34.31484;
585;-30.67847;-29.51339575;;-34.33994;
586;-30.68475;-29.52484135;;-34.35876;
587;-30.69102;-29.5357222;;-34.38386;
588;-30.69102;-29.54697955;;-34.40896;
589;-30.6973;-29.55872635;;-34.42779;
590;-30.70357;-29.57076808;;-34.45289;
591;-30.70985;-29.58204425;;-34.47799;
592;;-29.59431188;;-34.49681;
593;;-29.60627203;;-34.52191;
594;;-29.61885968;;-34.54074;
595;;-29.63081983;;-34.56584;
596;;-29.6429996;;-34.58466;
597;;-29.6559512;;-34.60976;
598;;-29.6690534;;-34.62859;
599;;-29.68150928;;-34.65369;
600;;-29.6941283;;-34.67251;
601;;-29.7069544;;-34.69761;
602;;-29.71974913;;-34.71644;
603;;-29.7328074;;-34.73526;
604;;-29.7448805;;-34.76036;
605;;-29.7569787;;-34.77919;
606;;-29.76886355;;-34.79801;
607;;-29.78086135;;-34.82311;
608;;-29.79257678;;-34.84194;
609;;-29.80350155;;-34.86076;
610;;-29.81479028;;-34.87959;
611;;-29.82577153;;-34.89841;
612;;-29.83697868;;-34.91724;
613;;-29.84699358;;-34.93606;
614;;-29.8572532;;-34.96116;
615;;-29.86768853;;-34.97999;
616;;-29.87727045;;-34.99881;
617;;-29.8875238;;-35.01764;
618;;-29.89689238;;-35.03646;
619;;-29.90527578;;-35.04901;
620;;-29.91536598;;-35.06784;
621;;-29.92445845;;-35.08666;
622;;-29.93326855;;-35.10549;
623;;-29.94275635;;-35.12431;
624;;-29.95146605;;-35.13686;
625;;-29.96009418;;-35.15569;
626;;-29.96881643;;-35.17451;
627;;-29.97746338;;-35.18706;
628;;-29.98636133;;-35.20589;
629;;-29.99474473;;-35.21844;
630;;-30.0029336;;-35.23726;
631;;-30.01162448;;-35.24981;
632;;-30.0199263;;-35.26864;
633;;-30.02859835;;-35.28119;
634;;-30.03673075;;-35.29374;
635;;-30.04503885;;-35.31256;
636;;-30.05320263;;-35.32511;
637;;-30.06154838;;-35.33766;
638;;-30.06935448;;-35.35021;
639;;-30.07749315;;-35.36276;
640;;-30.08532435;;-35.37531;
641;;-30.09340028;;-35.38786;
642;;-30.10082988;;-35.40041;
643;;-30.10868618;;-35.41296;
644;;-30.11611578;;-35.42551;
645;;-30.12375873;;-35.43179;
646;;-30.13079928;;-35.44434;
647;;-30.13801553;;-35.45689;
648;;-30.1449996;;-35.46944;
649;;-30.1519021;;-35.47571;
650;;-30.15871048;;-35.48826;
651;;-30.16601458;;-35.49454;
652;;-30.1726598;;-35.50709;
653;;-30.17919208;;-35.51336;
654;;-30.18622635;;-35.52591;
655;;-30.19293433;;-35.53219;
656;;-30.19994978;;-35.53846;
657;;-30.20663893;;-35.55101;
658;;-30.21330925;;-35.55729;
659;;-30.2203247;;-35.56356;
660;;-30.22736525;;-35.57611;
661;;-30.23416735;;-35.58239;
662;;-30.2415091;;-35.58866;
663;;-30.2483614;;-35.59494;
664;;-30.25620515;;-35.60121;
665;;-30.2638732;;-35.60749;
666;;-30.27138438;;-35.62004;
667;;-30.27897713;;-35.62631;
668;;-30.28650085;;-35.63259;
669;;-30.29403085;;-35.63886;
670;;-30.30139143;;-35.64514;
671;;-30.30915988;;-35.65141;
672;;-30.31648908;;;
673;;-30.32369278;;;
674;;-30.33039448;;;
675;;-30.33769858;;;
676;;-30.34458853;;;
677;;-30.3512965;;;
678;;-30.35804213;;;
679;;-30.3645995;;;
680;;-30.37123845;;;
681;;-30.37843588;;;
682;;-30.3850309;;;
683;;-30.391582;;;
684;;-30.39852215;;;
685;;-30.40520503;;;
686;;-30.39852215;;;
687;;-30.4141469;;;
688;;-30.43844998;;;
689;;-30.45422533;;;
690;;-30.45989165;;;
691;;-30.46555798;;;
692;;-30.46960535;;;
693;;-30.4777252;;;
694;;-30.48196083;;;
695;;-30.4860333;;;
696;;-30.48862488;;;
697;;-30.4938394;;;
698;;-30.498006;;;
699;;-30.50106193;;;
700;;-30.5034025;;;